generation,step,pool,survivors,mean_fitness,median_fitness,max_fitness,mean_age,mean_food_eaten,best_food_eaten,behavior_diversity,weight_diversity,food_fill,population,clustering,lineage_count,lineage_effective,lineage_largest,kin_expected,share_events,share_energy,cooperation_rate,coop_in_group,coop_out_group,kin_bias,kin_bias_adj,opp_kin,opp_nonkin,bc_ratio,rescue_share,attack_events,attack_damage,attack_kills,hostility_rate,attack_in_group,attack_out_group,attack_kin_bias,attack_kin_bias_adj,deaths,births,death_predator,predator_strikes,predator_kills,predation_risk,kin_observed,kin_assortment,share_kin,share_nonkin,gp_crowd_bias,gp_eat_threshold,gp_food_attraction,gp_graze_slowdown,gp_hazard_avoidance,gp_hunger_gain,gp_hunger_speed,gp_panic_speed,gp_speed_pref,gp_wander
0,500,700,700,559.241,645.906,1156.9,329.12,21.141,76.302,0.17012,0.2967,0.26576,700,0.64214,237,189.732,0.0157,0.00637,73443,505537.407,0.35857,0.35742,0.35857,-0.00115,0.00351,761,204061,1.0045,0.00863,112,582.727,3,0.00055,0.00131,0.00054,0.00077,0.0008,482,882,103,249,109,0.15571,0.00372,-0.00267,272,73171,0.4169,0.1351,1.0338,0.7577,1.6604,1.3404,0.496,0.9417,0.9411,0.4441
1,1000,700,700,492.55,364.373,1724.424,323.27,14.255,88.628,0.17414,0.31127,0.27298,700,0.74155,178,131.315,0.0243,0.00971,78996,557405.869,0.36836,0.37277,0.36833,0.00444,0.0049,1403,213048,1.07011,0.00882,363,1990.639,16,0.00169,0.00214,0.00169,0.00045,0.00039,741,741,108,261,112,0.16,0.00654,-0.0032,523,78473,0.4199,0.1467,1.0105,0.7575,1.6761,1.332,0.4887,0.9022,0.9399,0.4112
2,1500,700,700,513.696,478.332,1341.778,342.42,14.157,50.278,0.1889,0.34397,0.26405,700,0.70939,152,108.379,0.0314,0.01184,72329,520112.715,0.34356,0.32952,0.34369,-0.01417,-0.01378,2012,208517,1.09194,0.00926,1963,11152.47,59,0.00932,0.00895,0.00933,-0.00038,-0.00026,735,735,114,238,114,0.16286,0.00956,-0.00231,663,71666,0.4035,0.1482,0.9675,0.7778,1.6306,1.3145,0.5099,0.8146,0.9415,0.3961
3,2000,700,700,478.296,412.471,1498.766,316.4,13.115,54.393,0.18622,0.33178,0.2589,700,0.58167,118,88.003,0.0357,0.01393,68781,504915.037,0.33229,0.33029,0.33231,-0.00202,-0.00259,2413,204577,1.09953,0.00961,2202,12209.311,57,0.01064,0.00787,0.01067,-0.0028,-0.00287,795,795,101,247,103,0.14714,0.01166,-0.0023,797,67984,0.4344,0.161,0.9806,0.7731,1.6445,1.2974,0.4917,0.8759,0.9313,0.3949
4,2500,700,700,534.642,483.256,1413.968,359.0,14.852,60.049,0.19202,0.3491,0.27259,700,0.66954,107,80.355,0.0357,0.015,70320,522852.913,0.33367,0.32225,0.33383,-0.01158,-0.0119,2796,207948,1.10543,0.00808,3903,21996.567,103,0.01852,0.01896,0.01851,0.00044,0.00042,718,718,107,246,115,0.16429,0.01327,-0.00176,901,69419,0.4377,0.1795,0.9582,0.7738,1.6329,1.2703,0.5083,0.8306,0.9468,0.3771
5,3000,700,700,492.4,433.332,1408.349,325.49,13.53,52.014,0.19601,0.36086,0.27235,700,0.82741,104,74.371,0.0414,0.01681,61372,452013.601,0.29413,0.28909,0.2942,-0.00511,-0.0051,3089,205569,1.11668,0.008,4305,24199.953,123,0.02063,0.02137,0.02062,0.00075,0.00069,816,816,126,249,130,0.18571,0.0148,-0.00204,893,60479,0.4262,0.18,0.9461,0.7715,1.6234,1.2672,0.5219,0.7962,0.9427,0.3774
6,3500,700,700,504.142,436.245,1473.946,336.01,13.821,50.808,0.19038,0.35183,0.27471,700,0.85708,96,67.809,0.0471,0.01848,69990,523619.558,0.33806,0.32851,0.33822,-0.00971,-0.00916,3318,203714,1.10587,0.00607,5361,31111.472,155,0.02589,0.02441,0.02592,-0.00151,-0.00147,751,751,121,250,125,0.17857,0.01603,-0.0025,1090,68900,0.442,0.1899,0.9588,0.7607,1.6419,1.2651,0.5079,0.837,0.9406,0.3821
7,4000,700,700,537.367,447.193,1433.009,363.02,14.241,49.701,0.20278,0.38454,0.32987,700,0.92741,90,59.642,0.0571,0.02185,91491,694666.402,0.41759,0.42556,0.41744,0.00811,0.00541,4030,215061,1.11947,0.00589,5286,30403.067,121,0.02413,0.01836,0.02423,-0.00587,-0.00584,699,699,116,248,126,0.18,0.01839,-0.00353,1715,89776,0.3975,0.1723,0.8715,0.7944,1.5684,1.2523,0.5384,0.6575,0.9398,0.3684
8,4500,700,700,536.829,517.082,1584.943,366.63,13.288,71.123,0.20506,0.389,0.35041,700,0.95923,82,55.064,0.0714,0.02425,111069,848900.294,0.49203,0.49821,0.4919,0.00631,0.0055,4743,220991,1.10497,0.00437,5517,32247.276,125,0.02444,0.02614,0.0244,0.00174,0.00177,679,679,117,249,123,0.17571,0.02101,-0.00332,2363,108706,0.3641,0.1489,0.8278,0.821,1.5165,1.2485,0.575,0.5648,0.9348,0.3848
9,5000,700,700,557.941,456.023,1662.978,393.53,12.817,87.91,0.19438,0.37374,0.44865,700,0.97399,78,53.962,0.0643,0.02391,142189,1092312.759,0.59052,0.5901,0.59053,-0.00042,-0.00064,5477,235310,1.11169,0.00362,4281,25860.09,68,0.01778,0.01917,0.01775,0.00142,0.00141,564,564,102,236,107,0.15286,0.02275,-0.00119,3232,138957,0.3158,0.1328,0.7562,0.8511,1.4727,1.2608,0.5921,0.4203,0.9234,0.382
10,5500,700,700,602.086,595.414,1624.366,431.09,13.154,97.618,0.18549,0.35536,0.48907,700,0.98763,77,53.724,0.0529,0.02337,156648,1196102.483,0.61777,0.61324,0.61786,-0.00462,-0.00363,5316,248256,1.11386,0.0038,3836,23117.124,38,0.01513,0.01505,0.01513,-8e-05,-8e-05,509,509,88,235,89,0.12714,0.02096,-0.00246,3260,153388,0.2958,0.1299,0.7206,0.8702,1.4309,1.2381,0.6287,0.3441,0.9366,0.3734
11,6000,700,700,538.329,443.831,2019.869,386.35,11.087,117.733,0.17696,0.33642,0.55004,700,0.99018,78,53.524,0.0514,0.0234,155944,1180633.276,0.58461,0.59951,0.58426,0.01525,0.01369,6125,260625,1.12784,0.00432,4398,29222.916,50,0.01649,0.01682,0.01648,0.00034,0.00029,604,604,90,241,91,0.13,0.02296,-0.00045,3672,152272,0.3002,0.1293,0.6858,0.8894,1.4192,1.2366,0.6062,0.2792,0.9411,0.3595
12,6500,700,700,607.767,566.724,1828.295,433.36,13.584,107.949,0.16723,0.3148,0.55559,700,0.98069,73,48.121,0.0743,0.0272,155219,1160073.213,0.5683,0.56435,0.56839,-0.00404,-0.0016,6216,266912,1.12656,0.00488,4057,26760.333,60,0.01485,0.01319,0.01489,-0.0017,-0.00175,497,497,91,232,92,0.13143,0.02276,-0.00457,3508,151711,0.2752,0.1162,0.6649,0.8971,1.3938,1.2128,0.6379,0.2311,0.9481,0.3681
13,7000,700,700,514.558,449.574,2168.699,351.5,12.393,136.249,0.1864,0.35504,0.54128,700,0.99299,70,44.988,0.0843,0.02933,117366,875479.652,0.43957,0.4312,0.4398,-0.00861,-0.00736,7238,259764,1.16426,0.00701,4276,28448.483,115,0.01601,0.01741,0.01598,0.00143,0.00145,685,685,97,230,100,0.14286,0.02711,-0.00229,3121,114245,0.2868,0.1494,0.6987,0.8803,1.4521,1.2456,0.5558,0.3029,0.9324,0.345
14,7500,700,700,618.732,600.831,1869.496,434.56,15.292,111.345,0.18104,0.34835,0.55271,700,0.99231,65,40.224,0.1129,0.03578,120089,883741.432,0.44116,0.44082,0.44117,-0.00035,0.00158,8525,263687,1.16917,0.00873,5202,37268.786,83,0.01911,0.01877,0.01912,-0.00035,-0.00038,529,529,111,240,112,0.16,0.03132,-0.00463,3758,116331,0.286,0.1409,0.6902,0.8774,1.4372,1.2272,0.5795,0.2866,0.9375,0.3522
15,8000,700,700,486.814,418.177,1933.138,339.39,11.134,117.7,0.19244,0.37524,0.58958,700,0.9943,65,39.617,0.0886,0.03412,94567,685171.246,0.34416,0.34813,0.34402,0.00411,0.00584,9281,265496,1.23387,0.01137,6042,42512.475,107,0.02199,0.01853,0.02211,-0.00358,-0.00366,670,670,106,229,108,0.15429,0.03378,-0.00036,3231,91336,0.3106,0.1558,0.7108,0.8642,1.4986,1.2345,0.5521,0.3591,0.9293,0.3362
16,8500,700,700,601.867,574.099,1789.023,420.81,15.146,114.665,0.20298,0.39042,0.53828,700,0.99412,61,38.671,0.0829,0.03422,74506,537264.615,0.28468,0.28288,0.28474,-0.00186,-0.00078,8873,252846,1.27057,0.01264,6794,45938.89,104,0.02596,0.02333,0.02605,-0.00272,-0.00269,570,570,102,224,115,0.16429,0.0339,-0.00033,2510,71996,0.329,0.1559,0.7429,0.8398,1.491,1.2422,0.5415,0.3988,0.9047,0.352
17,9000,700,700,502.123,425.564,1904.908,320.22,15.362,139.858,0.21421,0.41905,0.43302,700,0.9703,55,34.476,0.0957,0.03977,44968,314540.643,0.18099,0.18847,0.18071,0.00776,0.00746,9052,239398,1.37212,0.01783,7940,52063.448,175,0.03196,0.03182,0.03196,-0.00015,-0.00011,846,846,141,242,144,0.20571,0.03643,-0.00347,1706,43262,0.4004,0.1609,0.8264,0.818,1.5432,1.2909,0.5462,0.6039,0.9084,0.3866
18,9500,700,700,587.196,555.1,2105.579,394.46,17.248,133.083,0.21397,0.41987,0.38946,700,0.95893,58,33.9,0.1,0.04141,59728,428081.526,0.27267,0.27456,0.27259,0.00197,0.00205,8927,210121,1.20734,0.01031,7376,47891.445,174,0.03367,0.03965,0.03342,0.00624,0.00625,632,632,125,243,135,0.19286,0.04075,-0.00068,2451,57277,0.4444,0.1832,0.8588,0.8029,1.5789,1.289,0.5153,0.6954,0.9119,0.3856
19,10000,700,700,490.699,428.276,1825.157,319.46,13.914,94.74,0.21448,0.42349,0.35192,700,0.89673,55,34.048,0.0786,0.03869,87835,654956.38,0.41828,0.42178,0.41813,0.00364,0.00399,8431,201560,1.13719,0.00618,5719,40121.461,208,0.02723,0.02882,0.02717,0.00165,0.00159,829,829,128,261,135,0.19286,0.04015,0.00152,3556,84279,0.3894,0.1748,0.8774,0.8235,1.5411,1.3227,0.5705,0.6682,0.9118,0.4006
20,10500,700,700,563.934,526.774,1837.007,384.94,14.506,106.208,0.2065,0.4243,0.34903,700,0.95795,50,32.56,0.07,0.03889,90054,676332.955,0.44526,0.44876,0.44512,0.00363,0.00224,7445,194806,1.12198,0.0048,5616,39437.291,151,0.02777,0.0266,0.02781,-0.00122,-0.00122,624,624,98,253,117,0.16714,0.03681,-0.00216,3341,86713,0.3752,0.1633,0.8439,0.8302,1.5619,1.3078,0.5762,0.6583,0.923,0.3769
21,11000,700,700,549.309,497.871,1602.573,389.74,11.859,73.91,0.1992,0.41648,0.42837,700,0.98332,49,31.264,0.0871,0.041,141695,1079791.895,0.61703,0.62042,0.6169,0.00352,0.00397,8549,221090,1.11301,0.00296,5753,40051.097,79,0.02505,0.02386,0.0251,-0.00124,-0.00125,573,573,112,250,121,0.17286,0.03723,-0.00393,5304,136391,0.3356,0.1524,0.8062,0.8436,1.5343,1.2967,0.6049,0.6171,0.9368,0.3692
22,11500,700,700,596.286,477.201,1831.756,409.46,14.929,105.626,0.18272,0.38444,0.50718,700,0.99269,45,28.889,0.0886,0.04506,167995,1292597.7,0.67991,0.68368,0.67974,0.00393,0.00308,10249,236836,1.13597,0.00243,8514,63649.517,54,0.03446,0.03464,0.03445,0.00019,0.00038,498,498,91,243,92,0.13143,0.04148,-0.00375,7007,160988,0.2627,0.1229,0.7457,0.8735,1.491,1.2852,0.6619,0.5197,0.9465,0.3575
23,12000,700,700,552.606,514.692,1862.854,419.91,8.275,109.637,0.16702,0.35537,0.61899,700,0.99125,46,28.402,0.0914,0.04564,216938,1671107.919,0.77845,0.78525,0.77812,0.00713,0.00714,12736,265944,1.12509,0.0013,9525,69721.394,54,0.03418,0.03439,0.03417,0.00022,0.00013,490,490,81,227,85,0.12143,0.0457,6e-05,10001,206937,0.2249,0.1331,0.7097,0.8985,1.4611,1.2655,0.6995,0.4633,0.9545,0.3516
