generation,step,pool,survivors,mean_fitness,median_fitness,max_fitness,mean_age,mean_food_eaten,best_food_eaten,behavior_diversity,weight_diversity,lineage_count,lineage_effective,lineage_largest,kin_expected,share_events,share_energy,cooperation_rate,coop_in_group,coop_out_group,kin_bias,kin_bias_adj,opp_kin,opp_nonkin,bc_ratio,rescue_share,attack_events,attack_damage,attack_kills,hostility_rate,attack_in_group,attack_out_group,attack_kin_bias,attack_kin_bias_adj,kin_observed,kin_assortment,share_kin,share_nonkin,gp_crowd_bias,gp_eat_threshold,gp_food_attraction,gp_graze_slowdown,gp_hazard_avoidance,gp_hunger_gain,gp_hunger_speed,gp_panic_speed,gp_speed_pref,gp_wander
0,500,700,700,600.597,703.538,1124.142,354.74,23.002,68.269,0.16893,0.3089,225,148.844,0.0557,0.01096,67978,468035.564,0.34375,0.40161,0.30573,0.09588,0.07107,78419,119334,0.98576,0.00881,595,3207.036,13,0.00301,0.00193,0.00372,-0.0018,-0.0016,0.39655,0.38986,31494,36484,0.4239,0.1426,1.0355,0.7528,1.6608,1.3299,0.4929,0.971,0.9374,0.4523
1,1000,700,700,458.147,315.737,1668.722,298.24,13.026,87.216,0.17117,0.30727,139,97.269,0.0457,0.01361,63340,441137.524,0.30733,0.40393,0.25123,0.1527,0.13928,75718,130379,1.05549,0.01086,899,4834.001,27,0.00436,0.00306,0.00512,-0.00205,-0.0017,0.36739,0.35866,30585,32755,0.4424,0.1607,1.0306,0.7569,1.6572,1.3043,0.4886,0.998,0.9383,0.433
2,1500,700,700,581.719,581.026,1438.638,388.84,16.75,48.866,0.17208,0.30661,113,74.648,0.04,0.01729,57281,408504.668,0.27979,0.42278,0.19594,0.22684,0.2205,75675,129056,1.07504,0.0089,1906,11137.517,54,0.00931,0.00958,0.00915,0.00043,0.00093,0.36963,0.35854,31994,25287,0.4528,0.1713,1.0447,0.7491,1.6741,1.2988,0.4992,1.0074,0.9402,0.4245
3,2000,700,700,519.199,476.013,1468.413,345.2,14.47,62.319,0.14145,0.22093,95,53.948,0.0871,0.02772,41164,279096.505,0.20079,0.3335,0.13049,0.20301,0.19823,70995,134012,1.12313,0.01006,3160,19049.741,88,0.01541,0.01206,0.01719,-0.00514,-0.00425,0.34631,0.32767,23677,17487,0.5029,0.1991,1.089,0.7489,1.7177,1.2932,0.4924,1.1251,0.9487,0.4268
4,2500,700,700,586.258,584.692,1399.905,402.42,15.804,50.181,0.13653,0.20904,88,49.621,0.0843,0.02848,39801,267469.736,0.19288,0.37845,0.08688,0.29157,0.29541,75019,131335,1.09787,0.00771,3294,19129.8,87,0.01596,0.01038,0.01915,-0.00877,-0.00844,0.36355,0.34489,28391,11410,0.5163,0.206,1.0909,0.7474,1.7215,1.2932,0.4809,1.1289,0.9486,0.4218
5,3000,700,700,575.955,471.108,1426.136,393.68,15.041,59.853,0.14182,0.20994,77,26.935,0.3029,0.10576,73657,507560.357,0.3394,0.60933,0.09259,0.51675,0.5128,103656,113363,1.12276,0.00548,2727,15398.036,55,0.01257,0.0071,0.01756,-0.01046,-0.01119,0.47764,0.41586,63161,10496,0.4688,0.1763,1.0922,0.7934,1.7079,1.3418,0.5348,1.1574,0.9523,0.4661
6,3500,700,700,595.884,612.611,1507.085,419.11,13.906,56.607,0.14069,0.21166,69,19.226,0.3914,0.16479,95711,671298.247,0.42142,0.65233,0.08412,0.56821,0.56993,134819,92294,1.10279,0.0048,3971,21942.037,71,0.01748,0.00754,0.03201,-0.02446,-0.02447,0.59362,0.51344,87947,7764,0.452,0.1684,1.0852,0.8173,1.6771,1.3499,0.5499,1.175,0.9436,0.4933
7,4000,700,700,623.462,527.303,1697.06,436.5,15.223,79.885,0.13404,0.20616,58,10.929,0.5286,0.28756,137929,965788.108,0.55093,0.72066,0.08132,0.63933,0.62236,183893,66463,1.12712,0.00356,5918,34703.103,69,0.02364,0.01818,0.03874,-0.02056,-0.01935,0.73453,0.62737,132524,5405,0.4305,0.1559,1.0914,0.839,1.6515,1.3822,0.5897,1.1864,0.9487,0.5279
8,4500,700,700,597.116,650.757,1665.076,409.71,15.11,90.223,0.132,0.20409,51,7.821,0.6029,0.36972,158097,1121237.247,0.59951,0.72061,0.08019,0.64041,0.6262,213844,49866,1.12286,0.00353,4436,26782.091,46,0.01682,0.01167,0.0389,-0.02723,-0.02633,0.81091,0.69998,154098,3999,0.4262,0.1395,1.0975,0.86,1.6353,1.3915,0.6144,1.2101,0.9371,0.5467
9,5000,700,700,619.195,555.697,1987.196,453.87,12.59,120.242,0.12871,0.20407,47,6.313,0.64,0.41592,174275,1229804.697,0.62791,0.71261,0.12891,0.58369,0.56135,237274,40275,1.13913,0.0043,8060,54545.998,66,0.02904,0.02661,0.04335,-0.01674,-0.01246,0.85489,0.75156,169083,5192,0.4115,0.1393,1.0935,0.8636,1.6366,1.4094,0.6187,1.2099,0.9357,0.5552
10,5500,700,700,604.684,517.779,1832.874,405.07,16.876,117.764,0.12968,0.20695,43,5.672,0.6614,0.4436,166182,1180298.512,0.61479,0.68265,0.15443,0.52822,0.50483,235580,34728,1.15,0.00496,7934,55624.853,87,0.02935,0.02785,0.03956,-0.01172,-0.00834,0.87152,0.76909,160819,5363,0.4116,0.1328,1.0884,0.8651,1.6356,1.4229,0.6298,1.2156,0.9229,0.5563
11,6000,700,700,578.58,530.095,1974.031,421.48,11.48,120.184,0.13727,0.21792,37,6.47,0.5957,0.36774,169094,1194882.334,0.60245,0.65669,0.18426,0.47243,0.45333,248452,32226,1.15321,0.00558,10146,70239.776,139,0.03615,0.03711,0.0287,0.00841,0.01252,0.88519,0.81841,163156,5938,0.419,0.1371,1.0906,0.8495,1.665,1.4099,0.6123,1.2141,0.9083,0.5401
12,6500,700,700,663.696,524.672,1902.674,438.1,19.985,117.491,0.13769,0.21486,37,5.197,0.6571,0.4413,162335,1164477.125,0.60507,0.67554,0.17383,0.50172,0.4775,230605,37687,1.14835,0.00461,8158,56692.115,95,0.03041,0.02774,0.04673,-0.01899,-0.01623,0.85953,0.74858,155784,6551,0.4224,0.1204,1.081,0.874,1.6518,1.4169,0.6262,1.2323,0.899,0.5585
13,7000,700,700,541.215,537.572,1936.69,391.46,10.431,120.514,0.14188,0.22383,37,5.831,0.6,0.37657,173201,1239862.367,0.62026,0.67351,0.23168,0.44183,0.42358,245584,33654,1.1475,0.00393,10442,75258.719,130,0.03739,0.03645,0.0443,-0.00786,-0.00331,0.87948,0.80668,165404,7797,0.4307,0.1275,1.0775,0.8571,1.6704,1.4198,0.604,1.2114,0.8906,0.5442
14,7500,700,700,690.515,551.396,1989.133,459.41,20.79,128.054,0.13893,0.21879,31,4.448,0.6743,0.46577,164372,1181958.571,0.6001,0.66746,0.21125,0.45621,0.41146,233464,40445,1.15864,0.00507,9383,67069.541,105,0.03426,0.02957,0.06132,-0.03175,-0.02857,0.85234,0.7236,155828,8544,0.4214,0.129,1.077,0.8807,1.6688,1.4174,0.6262,1.2364,0.8851,0.5641
15,8000,700,700,550.509,573.862,1587.036,403.6,10.084,73.675,0.13662,0.21857,25,3.72,0.7014,0.50594,176634,1263776.398,0.6132,0.64898,0.2398,0.40919,0.37572,262863,25188,1.16639,0.00484,12115,85951.226,99,0.04206,0.03928,0.07103,-0.03174,-0.02569,0.91256,0.82301,170594,6040,0.4095,0.1186,1.0694,0.8829,1.6827,1.4307,0.6322,1.2295,0.8762,0.5439
16,8500,700,700,644.199,498.611,2036.335,440.23,17.594,128.503,0.13459,0.21766,25,3.249,0.7443,0.56387,171094,1230354.102,0.59378,0.63203,0.23059,0.40144,0.34772,260689,27456,1.1789,0.00555,12669,86615.305,76,0.04397,0.04497,0.03449,0.01047,0.01894,0.90471,0.78152,164763,6331,0.4002,0.1178,1.0561,0.9008,1.6775,1.4144,0.6519,1.241,0.8874,0.5727
17,9000,700,700,535.107,522.86,1393.028,372.69,12.169,84.916,0.13695,0.22287,26,3.371,0.7286,0.54242,161863,1165832.03,0.55266,0.57584,0.29369,0.28215,0.24045,268814,24066,1.21212,0.00709,19555,131245.271,205,0.06677,0.06959,0.03519,0.0344,0.04578,0.91783,0.82042,154795,7068,0.4165,0.1211,1.0559,0.8974,1.6755,1.416,0.6466,1.2582,0.8672,0.5645
18,9500,700,700,623.221,505.154,2109.323,441.75,14.733,140.25,0.13775,0.23011,23,3.362,0.7014,0.51396,161989,1186376.833,0.55363,0.58234,0.26336,0.31898,0.28325,266260,26333,1.19239,0.00667,17076,121393.879,190,0.05836,0.06136,0.02799,0.03338,0.03519,0.91,0.81483,155054,6935,0.4034,0.1274,1.0504,0.8754,1.6794,1.4212,0.6235,1.2442,0.8827,0.5693
19,10000,700,700,597.705,563.401,1741.209,402.42,16.257,119.477,0.14263,0.23611,24,3.513,0.6943,0.50153,145821,1069084.22,0.51995,0.55582,0.18443,0.37139,0.34086,253368,27084,1.18304,0.00712,12452,89934.028,130,0.0444,0.04599,0.02954,0.01645,0.0187,0.90343,0.80626,140826,4995,0.4131,0.1245,1.0594,0.8754,1.6678,1.3976,0.6293,1.2581,0.8781,0.5703
20,10500,700,700,544.473,431.635,1945.762,364.69,14.698,115.794,0.15346,0.25678,28,5.533,0.48,0.29547,132230,968390.909,0.48369,0.533,0.19093,0.34208,0.31661,233969,39408,1.22309,0.00864,20704,161126.692,340,0.07573,0.08061,0.04677,0.03385,0.03716,0.85585,0.79539,124706,7524,0.4224,0.1515,1.034,0.8379,1.6834,1.3808,0.5454,1.1844,0.8968,0.5482
21,11000,700,700,644.891,549.341,1754.371,419.21,20.065,101.53,0.1551,0.25706,24,5.054,0.5429,0.34001,115342,840916.865,0.46508,0.53739,0.19764,0.33974,0.31655,195225,52777,1.17543,0.00841,10531,79744.859,170,0.04246,0.04317,0.03985,0.00332,0.00333,0.78719,0.67756,104911,10431,0.4214,0.1341,1.0599,0.8619,1.6596,1.3656,0.5757,1.2325,0.8764,0.5693
22,11500,700,700,507.29,492.726,1642.633,352.65,11.37,77.203,0.1564,0.26721,20,5.81,0.4243,0.2643,124074,909948.922,0.48528,0.55218,0.21087,0.34132,0.32712,205559,50117,1.15883,0.00704,11253,83933.479,128,0.04401,0.04302,0.04807,-0.00504,-0.00256,0.80398,0.73356,113506,10568,0.4289,0.1484,1.0599,0.837,1.6726,1.3527,0.5384,1.1882,0.8805,0.5386
23,12000,700,700,676.532,541.881,1784.604,446.9,20.507,108.374,0.15708,0.26178,19,5.035,0.5157,0.3212,132433,976492.614,0.52639,0.60595,0.24344,0.36251,0.34725,196371,55216,1.14166,0.00526,8328,59361.023,84,0.0331,0.03161,0.03841,-0.0068,-0.00576,0.78053,0.67668,118991,13442,0.4327,0.1439,1.0874,0.851,1.6459,1.3102,0.5917,1.2321,0.8736,0.5552
