generation,step,pool,survivors,mean_fitness,median_fitness,max_fitness,mean_age,mean_food_eaten,best_food_eaten,behavior_diversity,weight_diversity,lineage_count,lineage_effective,lineage_largest,share_events,share_energy,cooperation_rate,coop_in_group,coop_out_group,kin_bias,kin_bias_adj,opp_kin,opp_nonkin,share_kin,share_nonkin,gp_crowd_bias,gp_eat_threshold,gp_food_attraction,gp_graze_slowdown,gp_hazard_avoidance,gp_hunger_gain,gp_hunger_speed,gp_panic_speed,gp_speed_pref,gp_wander
0,500,217,217,565.607,654.594,1037.348,328.04,25.351,56.223,0.12524,0.19634,91,74.038,0.0461,30093,193943.071,0.29685,0.2812,0.29883,-0.01764,-0.03997,11412,89963,3209,26884,0.5073,0.1723,1.0716,0.7291,1.6756,1.3153,0.4328,1.1174,0.9504,0.4276
1,1000,310,310,542.189,583.543,1801.5,328.85,22.059,89.486,0.12685,0.2125,61,39.524,0.0903,8425,51223.584,0.13029,0.13057,0.13023,0.00033,-0.00255,11044,53619,1442,6983,0.496,0.195,1.1046,0.7143,1.6434,1.3236,0.4394,1.1156,0.9431,0.4258
2,1500,337,337,570.857,545.07,1565.511,352.32,22.959,67.357,0.12995,0.22342,39,23.913,0.0979,5866,35553.963,0.0956,0.09944,0.09489,0.00455,-0.00035,9654,51704,960,4906,0.5011,0.1981,1.1292,0.7069,1.6231,1.3273,0.4319,1.1045,0.9279,0.4173
3,2000,324,324,635.717,576.67,1564.749,396.35,25.51,68.412,0.13543,0.23164,32,17.463,0.1605,3735,22365.989,0.05971,0.06898,0.05801,0.01096,0.00769,9699,52849,669,3066,0.4884,0.2212,1.1376,0.6963,1.6343,1.3403,0.4414,1.0574,0.9264,0.4087
4,2500,353,353,633.243,589.333,1585.457,393.37,25.513,70.314,0.13665,0.23079,27,11.566,0.3343,2656,15843.137,0.04166,0.04544,0.04073,0.00471,0.00366,12587,51165,572,2084,0.4688,0.2638,1.109,0.6917,1.6821,1.309,0.4347,0.9934,0.9281,0.3869
5,3000,361,361,651.096,566.22,1572.711,407.53,26.041,64.766,0.13365,0.22432,22,6.724,0.5319,2173,12846.914,0.03527,0.04206,0.03206,0.01,0.01075,19807,41800,833,1340,0.4394,0.2952,1.089,0.7007,1.717,1.298,0.4406,0.9099,0.9308,0.4038
6,3500,372,372,685.949,582.568,1534.555,433.01,27.466,66.244,0.13018,0.21298,19,4.197,0.672,1692,10012.513,0.02671,0.03278,0.02097,0.01181,0.01164,30812,32530,1010,682,0.4118,0.3158,1.0846,0.7023,1.7282,1.3173,0.4403,0.8427,0.9338,0.4074
7,4000,418,418,610.499,458.027,1644.384,379.66,24.499,74.073,0.12529,0.20132,17,2.643,0.7847,1600,9348.196,0.02623,0.02959,0.02063,0.00896,0.00933,38126,22883,1128,472,0.3895,0.3356,1.0762,0.7037,1.752,1.2964,0.4319,0.7829,0.9293,0.4102
8,4500,420,420,633.16,490.677,1480.572,393.49,25.414,62.236,0.12703,0.19946,13,2.225,0.8238,1347,7834.433,0.02322,0.02681,0.01427,0.01254,0.01279,41408,16611,1110,237,0.3867,0.3368,1.07,0.6996,1.7608,1.3078,0.4299,0.7586,0.9321,0.4266
9,5000,449,449,587.611,479.51,1508.592,359.64,23.694,61.24,0.13132,0.20074,12,2.05,0.8463,1082,6435.153,0.01894,0.02187,0.01117,0.0107,0.01081,41472,15662,907,175,0.388,0.3387,1.0685,0.7087,1.7679,1.3138,0.4295,0.7278,0.9304,0.4308
10,5500,424,424,592.487,454.221,1484.512,361.25,23.868,67.075,0.13304,0.20757,9,2.022,0.8443,910,5339.019,0.0166,0.01906,0.00989,0.00917,0.00933,40078,14755,764,146,0.3887,0.3474,1.0804,0.7069,1.7544,1.3063,0.435,0.7166,0.9327,0.4341
11,6000,415,415,585.808,524.112,1501.283,356.01,23.606,63.963,0.13442,0.20826,8,1.792,0.8699,771,4505.054,0.01361,0.01483,0.00916,0.00567,0.00723,44434,12229,659,112,0.3875,0.3607,1.0822,0.7174,1.7433,1.2993,0.4489,0.7104,0.9378,0.4462
12,6500,385,385,610.511,685.42,1439.35,375.17,24.389,62.938,0.13659,0.21067,10,1.918,0.8442,774,4605.087,0.01405,0.01504,0.0105,0.00454,0.00405,43079,11995,648,126,0.4017,0.3515,1.0919,0.7169,1.7371,1.3001,0.4637,0.7077,0.9434,0.4541
13,7000,324,324,674.519,719.563,1566.85,418.04,26.852,65.129,0.14341,0.21832,9,2.079,0.8179,754,4424.869,0.01374,0.01417,0.01252,0.00166,0.00132,40644,14221,576,178,0.4127,0.3477,1.0818,0.7215,1.7272,1.3007,0.4637,0.7053,0.9452,0.4586
14,7500,305,305,677.735,679.312,1501.599,426.86,26.638,65.578,0.14657,0.22446,12,2.39,0.7869,680,3928.407,0.0124,0.01404,0.00838,0.00566,0.0053,38963,15879,547,133,0.4233,0.3414,1.0821,0.7267,1.7186,1.2917,0.4578,0.7119,0.9433,0.4499
15,8000,332,332,692.997,638.724,1582.464,440.55,27.254,68.836,0.14959,0.23044,12,2.905,0.7319,610,3601.234,0.01111,0.01251,0.00873,0.00377,0.00324,34540,20379,432,178,0.4275,0.3487,1.0772,0.7248,1.7103,1.301,0.4688,0.7023,0.9487,0.4595
16,8500,355,355,708.523,608.088,1540.252,448.28,28.042,63.244,0.15254,0.23396,14,2.966,0.7437,565,3271.551,0.01049,0.01131,0.00936,0.00195,0.00152,31308,22546,354,211,0.4453,0.3502,1.0715,0.7243,1.7013,1.3048,0.4903,0.7062,0.9448,0.4584
17,9000,396,396,703.638,589.03,1553.417,446.57,27.898,67.606,0.15698,0.24086,18,3.198,0.7298,524,3049.276,0.01015,0.0108,0.00925,0.00155,0.00102,29989,21619,324,200,0.4706,0.3457,1.0732,0.7294,1.6951,1.3116,0.4931,0.7104,0.9442,0.46
18,9500,414,414,649.04,512.654,1529.518,407.85,25.721,63.857,0.15821,0.2476,16,3.47,0.6957,443,2650.798,0.00881,0.00988,0.00735,0.00254,0.0021,28936,21373,286,157,0.4928,0.3325,1.06,0.7195,1.6856,1.313,0.4952,0.7053,0.9444,0.4564
19,10000,464,464,622.79,466.715,1552.174,389.54,24.594,65.141,0.16041,0.2567,18,3.894,0.6466,462,2721.032,0.00892,0.00943,0.00837,0.00106,0.00052,26607,25206,251,211,0.4944,0.3126,1.0355,0.7161,1.6911,1.3056,0.5061,0.6832,0.9431,0.451
20,10500,476,476,579.418,393.085,1580.953,358.57,22.847,70.039,0.15894,0.26164,19,3.932,0.6008,473,2736.011,0.00925,0.01034,0.00813,0.00221,0.00172,25919,25228,268,205,0.4979,0.2968,1.0182,0.7214,1.6867,1.2976,0.5124,0.6509,0.9413,0.4508
21,11000,490,490,553.275,348.252,1542.768,337.77,21.886,64.214,0.16017,0.26729,18,4.404,0.5571,473,2792.674,0.00925,0.01288,0.00596,0.00692,0.00636,24298,26824,313,160,0.4925,0.2817,1.0079,0.7234,1.6795,1.2839,0.5267,0.6438,0.9358,0.4599
22,11500,449,449,541.474,491.127,1652.846,329.87,21.194,72.871,0.16848,0.27354,16,4.7,0.4878,528,3018.052,0.00996,0.01293,0.0077,0.00523,0.00511,22970,30019,297,231,0.4705,0.2657,0.9889,0.7261,1.6804,1.2806,0.5045,0.6393,0.9311,0.4685
23,12000,372,372,606.295,747.109,1557.803,376.23,23.404,65.244,0.16927,0.27864,14,4.948,0.4435,476,2709.062,0.0088,0.0133,0.00605,0.00726,0.00687,20519,33574,273,203,0.4513,0.269,0.9746,0.7238,1.6849,1.2828,0.4835,0.6354,0.9242,0.4632
