generation,step,pool,survivors,mean_fitness,median_fitness,max_fitness,mean_age,mean_food_eaten,best_food_eaten,behavior_diversity,weight_diversity,food_fill,population,clustering,lineage_count,lineage_effective,lineage_largest,kin_expected,share_events,share_energy,cooperation_rate,coop_in_group,coop_out_group,kin_bias,kin_bias_adj,opp_kin,opp_nonkin,bc_ratio,rescue_share,attack_events,attack_damage,attack_kills,hostility_rate,attack_in_group,attack_out_group,attack_kin_bias,attack_kin_bias_adj,deaths,births,death_starved,death_old_age,death_predator,predator_strikes,predator_kills,repro_blocked,forage_per_capita,share_per_capita,predation_risk,kin_observed,kin_assortment,share_kin,share_nonkin,gp_crowd_bias,gp_eat_threshold,gp_food_attraction,gp_graze_slowdown,gp_hazard_avoidance,gp_hunger_gain,gp_hunger_speed,gp_panic_speed,gp_speed_pref,gp_wander
0,500,785,785,502.735,490.609,901.301,362.74,13.938,44.798,0.17369,0.28852,0.1467,785,0.43242,218,156.104,0.0268,0.00842,36849,236124.435,0.09137,0.18224,0.02202,0.16021,0.16081,174565,228709,2.36851,0.0946,2770,21459.122,169,0.00687,0.01199,0.00296,0.00903,0.00887,1763,2248,1400,0,0,0,0,0,0.058664,0.601591,0.0,0.43287,0.42805,31812,5037,0.6193,0.1663,0.9647,0.6913,1.5309,1.4248,0.3783,1.3117,0.7232,0.3134
1,1000,738,738,547.197,358.949,1597.989,391.2,14.76,62.45,0.1811,0.29365,0.22296,738,0.49988,157,109.965,0.0339,0.01215,6918,42410.682,0.03726,0.12616,0.00811,0.11805,0.1147,45847,139829,2.40874,0.09439,1098,7270.586,53,0.00591,0.01106,0.00423,0.00683,0.00671,740,693,378,177,0,0,0,0,0.03541,0.114934,0.0,0.24692,0.23766,5784,1134,0.6168,0.179,0.9476,0.6882,1.5221,1.4307,0.3752,1.317,0.7188,0.3164
2,1500,910,910,496.932,452.492,1243.743,350.08,13.745,38.817,0.18912,0.30304,0.19272,910,0.48038,138,84.564,0.0418,0.01661,8442,52527.872,0.03999,0.10427,0.00877,0.0955,0.08954,69003,142115,2.40056,0.08185,1922,12951.794,85,0.0091,0.014,0.00673,0.00727,0.00733,801,973,345,255,0,0,0,0,0.031557,0.115446,0.0,0.32685,0.31548,7195,1247,0.6095,0.1877,0.9536,0.6859,1.4959,1.4517,0.3692,1.3157,0.73,0.3134
3,2000,700,700,552.989,558.546,1385.04,397.75,14.722,38.923,0.19988,0.31622,0.23452,700,0.45677,102,61.2,0.0514,0.02266,4796,29291.585,0.02459,0.07678,0.00701,0.06977,0.06701,49141,145890,2.37183,0.06505,2165,15390.205,114,0.0111,0.01728,0.00902,0.00826,0.00817,827,617,321,276,0,0,0,0,0.037153,0.08369,0.0,0.25197,0.23462,3773,1023,0.5966,0.1889,0.9761,0.691,1.5144,1.4364,0.3565,1.3051,0.7386,0.3105
4,2500,766,766,504.367,479.797,1327.16,356.84,13.684,37.5,0.20671,0.32592,0.20996,766,0.4691,86,45.594,0.0679,0.03181,6331,39274.4,0.03087,0.07576,0.0063,0.06946,0.06484,72548,132540,2.37981,0.07139,2948,21707.474,178,0.01437,0.0158,0.0136,0.0022,0.00253,832,898,273,278,0,0,0,0,0.037311,0.102544,0.0,0.35374,0.33251,5496,835,0.5998,0.1824,0.9938,0.6929,1.5114,1.4422,0.3411,1.3159,0.7444,0.3148
5,3000,721,721,554.776,508.439,1325.037,399.77,14.713,37.593,0.2151,0.33513,0.21277,721,0.49136,76,38.213,0.0985,0.04139,4899,29836.377,0.02367,0.06319,0.00576,0.05743,0.05419,64551,142403,2.32879,0.05573,2491,17622.25,120,0.01204,0.0121,0.01201,9e-05,0.00028,768,723,300,245,0,0,0,0,0.037945,0.082764,0.0,0.31191,0.2822,4079,820,0.5959,0.1825,1.0261,0.6864,1.5226,1.4238,0.3161,1.3239,0.7362,0.3217
6,3500,793,793,498.608,438.864,1320.662,352.93,13.432,38.148,0.22615,0.34393,0.20698,793,0.48582,63,31.084,0.1538,0.05562,4459,27924.99,0.02278,0.05207,0.00513,0.04694,0.04365,73610,122099,2.34019,0.04194,2285,15447.461,104,0.01168,0.01145,0.01181,-0.00036,-0.00065,720,792,234,282,0,0,0,0,0.035211,0.070429,0.0,0.37612,0.33938,3833,626,0.5836,0.1921,1.0547,0.6763,1.5398,1.4223,0.3054,1.3112,0.7518,0.3379
7,4000,736,736,564.094,556.262,1285.035,408.08,14.805,37.755,0.22845,0.35412,0.21197,736,0.48889,57,25.71,0.1875,0.07114,3731,23201.284,0.01862,0.04325,0.00491,0.03834,0.03677,71624,128797,2.32028,0.03618,2775,19018.244,148,0.01385,0.01321,0.0142,-0.00099,-0.00102,723,666,248,236,0,0,0,0,0.036759,0.063047,0.0,0.35737,0.30815,3098,633,0.5771,0.1897,1.0899,0.683,1.5759,1.4016,0.2977,1.306,0.7605,0.3371
8,4500,713,713,505.052,452.974,1347.004,359.5,13.407,35.799,0.2296,0.36391,0.22426,713,0.44108,53,20.147,0.2272,0.09627,3557,22322.326,0.01891,0.03973,0.00527,0.03446,0.03169,74447,113607,2.30347,0.03458,3515,24786.143,178,0.01869,0.01761,0.0194,-0.00179,-0.00105,794,771,241,287,0,0,0,0,0.038272,0.062615,0.0,0.39588,0.33153,2958,599,0.5565,0.1862,1.119,0.6848,1.611,1.3731,0.3099,1.3074,0.7655,0.3471
9,5000,695,695,539.16,506.372,1326.514,385.68,14.386,41.543,0.23187,0.36867,0.21668,695,0.50542,45,15.803,0.3065,0.13329,3664,22604.495,0.01918,0.03825,0.0039,0.03436,0.03165,84988,106010,2.31371,0.05186,4177,31508.31,273,0.02187,0.02204,0.02173,0.0003,0.00148,811,793,247,214,0,0,0,0,0.03979,0.065049,0.0,0.44497,0.35961,3251,413,0.5459,0.1877,1.1767,0.6994,1.6532,1.3807,0.3044,1.2802,0.7825,0.3549
10,5500,743,743,489.32,436.324,1360.822,346.12,13.167,44.192,0.23473,0.3724,0.2207,743,0.44514,45,14.032,0.3378,0.15087,3256,20416.207,0.01777,0.03023,0.00502,0.0252,0.02259,92670,90608,2.28096,0.02334,4533,36032.419,333,0.02473,0.02338,0.02611,-0.00273,-0.00184,845,893,200,248,0,0,0,0,0.03718,0.054956,0.0,0.50563,0.41779,2801,455,0.5537,0.1955,1.2096,0.6977,1.6812,1.4071,0.2913,1.2742,0.7793,0.3587
11,6000,749,749,518.933,476.537,1512.608,370.09,13.872,51.64,0.23381,0.37518,0.215,749,0.51245,48,12.21,0.3752,0.18084,2871,17675.065,0.01477,0.02573,0.00427,0.02146,0.01973,95101,99341,2.30762,0.02752,3922,30811.231,267,0.02017,0.01603,0.02414,-0.00811,-0.00741,792,798,220,223,0,0,0,0,0.036959,0.047196,0.0,0.4891,0.37631,2447,424,0.5444,0.2088,1.2519,0.6955,1.7176,1.3879,0.2829,1.2718,0.7875,0.3551
12,6500,725,725,518.211,450.235,1363.338,369.84,13.812,43.714,0.23295,0.3736,0.21364,725,0.46474,42,9.764,0.4359,0.22754,2814,17585.984,0.01448,0.02417,0.00441,0.01976,0.01799,99055,95267,2.27643,0.03092,3609,29002.281,233,0.01857,0.01491,0.02238,-0.00747,-0.00665,799,775,216,249,0,0,0,0,0.038153,0.048513,0.0,0.50975,0.36534,2394,420,0.5449,0.2116,1.2914,0.7074,1.7451,1.4007,0.2857,1.2505,0.8012,0.3513
13,7000,748,748,522.269,485.162,1370.763,372.67,13.885,37.015,0.23775,0.37458,0.21219,748,0.46608,43,8.818,0.4599,0.24472,2218,13738.741,0.01137,0.01807,0.00339,0.01469,0.01338,106004,89101,2.24745,0.02254,4082,31592.512,284,0.02092,0.01703,0.02556,-0.00853,-0.00757,769,792,188,216,0,0,0,0,0.037055,0.036735,0.0,0.54332,0.39535,1916,302,0.5579,0.2154,1.2971,0.7222,1.7378,1.4305,0.2842,1.241,0.798,0.3624
14,7500,762,762,521.137,465.367,1379.004,372.37,13.852,43.5,0.23823,0.37287,0.21205,762,0.46944,35,7.854,0.4856,0.26711,2269,13973.832,0.01165,0.01836,0.00341,0.01495,0.01342,107357,87394,2.27332,0.01498,3404,26765.517,230,0.01748,0.01439,0.02127,-0.00688,-0.00666,758,772,187,243,0,0,0,0,0.036149,0.036677,0.0,0.55125,0.3877,1971,298,0.5619,0.2249,1.3253,0.7221,1.7564,1.4292,0.283,1.2331,0.8092,0.3619
15,8000,764,764,536.636,498.579,1345.231,386.36,14.115,39.499,0.23364,0.36459,0.20843,764,0.43717,32,6.872,0.5366,0.31117,2116,12967.355,0.01053,0.01677,0.00348,0.01329,0.01235,106633,94372,2.26105,0.0156,2440,18407.884,135,0.01214,0.01071,0.01375,-0.00304,-0.0028,702,704,199,264,0,0,0,0,0.035957,0.033946,0.0,0.5305,0.31841,1788,328,0.569,0.2237,1.3643,0.7132,1.7752,1.4609,0.2869,1.2193,0.8221,0.3606
16,8500,751,751,550.016,531.875,1392.073,397.83,14.349,41.297,0.23684,0.36497,0.20725,751,0.42373,35,6.675,0.5433,0.31982,1655,10134.066,0.0083,0.0122,0.00365,0.00856,0.00765,108401,91031,2.2662,0.01813,2037,14487.538,113,0.01021,0.00915,0.01148,-0.00233,-0.00204,673,660,166,292,0,0,0,0,0.036356,0.026988,0.0,0.54355,0.32893,1323,332,0.5784,0.2236,1.3763,0.7155,1.7971,1.4649,0.2915,1.2005,0.8238,0.3641
17,9000,763,763,507.267,464.548,1369.803,363.21,13.296,41.047,0.24108,0.37346,0.21128,763,0.43392,38,6.73,0.54,0.31894,1901,11762.722,0.00982,0.01458,0.00376,0.01081,0.0095,108455,85035,2.3218,0.02262,2603,19750.538,145,0.01345,0.01309,0.01391,-0.00082,-0.00065,686,698,149,291,0,0,0,0,0.035936,0.030833,0.0,0.56052,0.35471,1581,320,0.5865,0.2311,1.3758,0.7125,1.8042,1.4522,0.2833,1.1986,0.827,0.3625
18,9500,736,736,542.931,534.059,1356.955,391.41,14.22,39.051,0.23745,0.375,0.2136,736,0.42821,34,6.734,0.5448,0.32194,1830,11299.405,0.00924,0.01396,0.00353,0.01044,0.00942,108428,89591,2.27543,0.01913,2642,21851.163,179,0.01334,0.01038,0.01692,-0.00654,-0.00615,706,679,181,248,0,0,0,0,0.037071,0.030705,0.0,0.54756,0.33275,1514,316,0.5849,0.2119,1.3888,0.7245,1.8155,1.4533,0.286,1.1737,0.8246,0.3502
19,10000,727,727,512.267,483.621,1391.772,365.41,13.553,42.688,0.23676,0.37803,0.22101,727,0.47394,37,6.936,0.5213,0.302,1615,10047.09,0.00847,0.01236,0.00274,0.00963,0.0089,113550,77104,2.30025,0.00991,3497,29591.308,244,0.01834,0.01374,0.02512,-0.01138,-0.0108,766,757,148,275,0,0,0,0,0.037611,0.02764,0.0,0.59558,0.4206,1404,211,0.5781,0.2167,1.3909,0.7222,1.842,1.4617,0.2906,1.1621,0.8219,0.3424
20,10500,746,746,526.309,478.502,1369.964,375.68,14.013,41.655,0.23565,0.38242,0.21274,746,0.40232,39,6.819,0.5147,0.30034,1625,9909.11,0.00836,0.01267,0.0024,0.01027,0.0092,112796,81637,2.27437,0.02215,3815,32440.838,308,0.01962,0.01162,0.03067,-0.01905,-0.01796,792,811,175,231,0,0,0,0,0.037282,0.026566,0.0,0.58013,0.39989,1429,196,0.5751,0.2073,1.4103,0.7399,1.8626,1.4248,0.2901,1.1663,0.8115,0.3322
21,11000,742,742,510.651,446.902,1296.232,365.42,13.487,40.948,0.2292,0.37638,0.21491,742,0.46071,34,5.988,0.5701,0.34915,1670,10234.735,0.00862,0.01239,0.00324,0.00915,0.00829,113840,79930,2.25767,0.01018,3977,33846.004,326,0.02052,0.01438,0.02928,-0.0149,-0.01365,810,806,180,232,0,0,0,0,0.037204,0.027587,0.0,0.5875,0.36621,1411,259,0.5446,0.2051,1.4483,0.7288,1.8642,1.4682,0.2783,1.1506,0.8222,0.3444
22,11500,763,763,523.147,475.449,1361.235,374.77,13.906,38.243,0.22793,0.37412,0.20958,763,0.41101,30,5.061,0.6081,0.39272,1850,11130.568,0.00964,0.01403,0.00252,0.01151,0.01065,118667,73292,2.31707,0.05027,4088,32206.781,280,0.0213,0.01735,0.02768,-0.01033,-0.00966,749,770,148,234,0,0,0,0,0.03645,0.029176,0.0,0.61819,0.37128,1665,185,0.5472,0.2081,1.4561,0.73,1.8697,1.4863,0.2846,1.1319,0.8252,0.3477
23,12000,773,773,499.103,436.374,1408.839,353.58,13.409,44.571,0.2186,0.36834,0.21867,773,0.4396,28,4.407,0.6378,0.42923,1424,8664.62,0.0079,0.0108,0.0027,0.0081,0.00722,115767,64463,2.23676,0.01545,4075,31436.935,277,0.02261,0.01985,0.02757,-0.00772,-0.00756,752,762,159,246,0,0,0,0,0.0355,0.022418,0.0,0.64233,0.37335,1250,174,0.534,0.2056,1.4703,0.7332,1.8712,1.4961,0.2689,1.105,0.8252,0.3517
