generation,step,pool,survivors,mean_fitness,median_fitness,max_fitness,mean_age,mean_food_eaten,best_food_eaten,behavior_diversity,weight_diversity,food_fill,population,clustering,lineage_count,lineage_effective,lineage_largest,kin_expected,share_events,share_energy,cooperation_rate,coop_in_group,coop_out_group,kin_bias,kin_bias_adj,opp_kin,opp_nonkin,bc_ratio,rescue_share,attack_events,attack_damage,attack_kills,hostility_rate,attack_in_group,attack_out_group,attack_kin_bias,attack_kin_bias_adj,deaths,births,death_starved,death_predator,predator_strikes,predator_kills,forage_per_capita,share_per_capita,predation_risk,kin_observed,kin_assortment,share_kin,share_nonkin,gp_crowd_bias,gp_eat_threshold,gp_food_attraction,gp_graze_slowdown,gp_hazard_avoidance,gp_hunger_gain,gp_hunger_speed,gp_panic_speed,gp_speed_pref,gp_wander
0,500,700,700,680.832,740.837,1104.043,403.24,26.684,64.162,0.16959,0.27041,0.23806,700,0.47925,262,212.209,0.0214,0.00573,5898,37049.123,0.0335,0.05479,0.02336,0.03143,0.02013,56784,119301,1.19489,0.00661,4674,29260.297,69,0.02654,0.02203,0.02869,-0.00666,-0.00834,229,629,88,0,0,0,0.062377,0.105855,0.0,0.32248,0.31858,3111,2787,0.5853,0.2762,1.176,0.7183,1.5951,1.2261,0.3556,1.1322,0.9016,0.3473
1,1000,700,700,494.966,266.53,1650.113,328.42,15.067,76.379,0.1688,0.27193,0.23717,700,0.49548,199,149.579,0.0214,0.00847,4468,27443.451,0.02525,0.05812,0.01699,0.04113,0.03221,35545,141379,1.36049,0.00895,4111,25153.433,89,0.02324,0.01584,0.0251,-0.00926,-0.00509,608,608,144,0,0,0,0.039972,0.07841,0.0,0.20091,0.19408,2066,2402,0.5811,0.2795,1.1803,0.7282,1.5853,1.2148,0.3344,1.1269,0.8912,0.3389
2,1500,700,700,628.89,689.425,1345.05,432.37,17.59,39.573,0.16941,0.27255,0.23516,700,0.44136,174,131.754,0.0243,0.00931,4360,27056.741,0.02438,0.05405,0.01542,0.03863,0.03538,41461,137397,1.43677,0.00917,3820,23467.394,95,0.02136,0.01389,0.02361,-0.00972,-0.00794,535,535,189,0,0,0,0.040102,0.077305,0.0,0.23181,0.22459,2241,2119,0.5806,0.2803,1.1825,0.7278,1.5654,1.2149,0.3348,1.1295,0.8943,0.353
3,2000,700,700,514.897,415.698,1419.363,352.04,14.142,47.511,0.17063,0.27473,0.23726,700,0.45546,143,103.71,0.0371,0.0122,3793,23412.11,0.02173,0.05115,0.01346,0.03769,0.03081,38319,136222,1.47768,0.00844,3905,24393.886,106,0.02237,0.01793,0.02362,-0.00569,-0.00394,620,620,138,0,0,0,0.039853,0.066892,0.0,0.21954,0.2099,1960,1833,0.5855,0.274,1.1705,0.7277,1.5693,1.1928,0.3271,1.1365,0.8977,0.3573
4,2500,700,700,664.215,708.84,1355.857,460.92,18.508,43.874,0.17344,0.28015,0.23039,700,0.44817,137,98.675,0.0329,0.01289,3244,19800.409,0.01874,0.05067,0.0112,0.03947,0.03315,33057,140032,1.4283,0.01017,3205,19901.585,85,0.01852,0.02075,0.01799,0.00276,0.00404,483,483,145,0,0,0,0.040168,0.056573,0.0,0.19098,0.18042,1675,1569,0.5829,0.2744,1.1596,0.7323,1.5841,1.1935,0.337,1.1296,0.8922,0.3496
5,3000,700,700,543.752,488.073,1390.142,370.69,15.036,47.152,0.17513,0.28441,0.23281,700,0.49038,124,81.965,0.0414,0.0162,5085,31944.932,0.02938,0.08375,0.01451,0.06924,0.06449,37183,135882,1.42263,0.00826,3288,21210.465,94,0.019,0.01837,0.01917,-0.0008,0.00115,635,635,144,0,0,0,0.039957,0.091271,0.0,0.21485,0.20192,3114,1971,0.5843,0.2793,1.1555,0.7412,1.5834,1.1875,0.331,1.1278,0.8864,0.3464
6,3500,700,700,585.368,588.315,1394.636,403.51,16.266,53.446,0.17658,0.28768,0.23653,700,0.47563,117,75.126,0.0514,0.01834,4490,28309.251,0.02602,0.07545,0.01181,0.06364,0.06254,38530,134023,1.43583,0.00824,4006,26893.523,118,0.02322,0.01625,0.02522,-0.00897,-0.00632,569,569,154,0,0,0,0.039741,0.080884,0.0,0.22329,0.20878,2907,1583,0.5833,0.2661,1.1505,0.7384,1.5686,1.1885,0.3353,1.1349,0.8764,0.3378
7,4000,700,700,535.132,502.987,1378.884,366.18,14.7,43.888,0.18038,0.29246,0.2371,700,0.47258,102,66.702,0.0614,0.02069,4652,28819.05,0.02676,0.06739,0.01328,0.05411,0.05119,43298,130538,1.51786,0.00731,4412,30107.613,154,0.02538,0.01954,0.02732,-0.00778,-0.00543,635,635,153,0,0,0,0.039744,0.08234,0.0,0.24907,0.23321,2918,1734,0.5933,0.274,1.1472,0.7405,1.5886,1.1959,0.3516,1.1173,0.8821,0.3411
8,4500,700,700,627.811,631.739,1429.732,433.92,17.447,50.12,0.18085,0.29507,0.23517,700,0.42138,95,58.7,0.08,0.02621,4390,27690.962,0.02531,0.07074,0.01165,0.0591,0.05712,40104,133353,1.53484,0.01002,3848,27740.618,144,0.02218,0.01728,0.02366,-0.00638,-0.00367,539,539,123,0,0,0,0.040098,0.079117,0.0,0.2312,0.21051,2837,1553,0.5856,0.2758,1.1542,0.747,1.5751,1.2099,0.3429,1.1368,0.8647,0.3404
9,5000,700,700,565.289,534.442,1389.416,386.48,15.63,49.342,0.18323,0.29938,0.23368,700,0.47258,93,50.338,0.1229,0.03498,5063,30823.482,0.02902,0.08754,0.01063,0.07691,0.07349,41718,132722,1.55022,0.01165,3838,26811.5,120,0.022,0.01656,0.02371,-0.00715,-0.00669,636,636,161,0,0,0,0.040033,0.088067,0.0,0.23915,0.21157,3652,1411,0.5921,0.2486,1.1276,0.7436,1.5689,1.2091,0.3393,1.1509,0.8577,0.3213
10,5500,700,700,607.543,588.881,1391.131,416.92,16.949,40.447,0.18444,0.30235,0.23699,700,0.45283,86,41.616,0.1671,0.04818,5564,35028.522,0.03197,0.09136,0.00994,0.08142,0.07875,47089,126942,1.49014,0.01222,4187,28878.368,116,0.02406,0.01421,0.02771,-0.01351,-0.00974,567,567,154,0,0,0,0.039985,0.100081,0.0,0.27058,0.23366,4302,1262,0.5989,0.2367,1.1126,0.7316,1.5716,1.2311,0.341,1.1609,0.8429,0.3138
11,6000,700,700,587.969,543.556,1453.546,402.81,16.32,45.731,0.18204,0.30076,0.23628,700,0.48104,78,29.099,0.2614,0.08696,7066,44574.46,0.04066,0.10743,0.01306,0.09437,0.08957,50823,122979,1.45727,0.01189,3528,24417.741,103,0.0203,0.01147,0.02395,-0.01248,-0.01013,595,595,152,0,0,0,0.040166,0.127356,0.0,0.29242,0.22503,5460,1606,0.5936,0.2312,1.1089,0.7268,1.5492,1.263,0.3334,1.1942,0.8218,0.3003
12,6500,700,700,625.3,618.016,1464.629,428.62,17.342,53.47,0.17856,0.29888,0.23187,700,0.45546,70,23.3,0.3071,0.11288,10514,67518.552,0.05915,0.16139,0.01245,0.14894,0.14662,55736,122016,1.36675,0.0098,3004,21515.588,75,0.0169,0.01111,0.01955,-0.00844,-0.00774,551,551,146,0,0,0,0.040332,0.19291,0.0,0.31356,0.22622,8995,1519,0.5985,0.2252,1.0758,0.7264,1.5449,1.2784,0.3261,1.2074,0.8136,0.2989
13,7000,700,700,578.449,543.721,1395.821,394.49,15.981,41.93,0.17813,0.29943,0.23481,700,0.46129,68,21.156,0.3443,0.13404,9310,59022.868,0.05174,0.12185,0.01169,0.11016,0.10801,65425,114498,1.35633,0.00934,3034,22290.666,99,0.01686,0.00893,0.0214,-0.01247,-0.0119,625,625,145,0,0,0,0.040057,0.168637,0.0,0.36363,0.26513,7972,1338,0.6091,0.2281,1.0741,0.7157,1.5314,1.2922,0.3234,1.2267,0.7976,0.3067
14,7500,700,700,612.292,589.029,1387.026,418.15,17.075,50.564,0.18181,0.29922,0.23531,700,0.51751,65,16.908,0.3857,0.16873,10934,68797.534,0.06183,0.15429,0.01285,0.14144,0.13589,61243,115606,1.36062,0.01152,3043,22321.674,86,0.01721,0.01021,0.02092,-0.01071,-0.01054,566,566,164,0,0,0,0.040352,0.196564,0.0,0.3463,0.21361,9449,1485,0.6169,0.2291,1.0538,0.7362,1.5389,1.299,0.3269,1.2408,0.7999,0.3075
15,8000,700,700,587.108,569.468,1464.941,402.34,16.098,53.941,0.18277,0.3012,0.23566,700,0.52758,68,17.074,0.3714,0.16102,11175,71075.015,0.06474,0.14406,0.01408,0.12998,0.12493,67278,105332,1.3425,0.01226,2819,20955.441,87,0.01633,0.01191,0.01916,-0.00725,-0.00732,605,605,166,0,0,0,0.040059,0.203071,0.0,0.38977,0.27265,9692,1483,0.6086,0.2303,1.0651,0.7369,1.5418,1.3103,0.3286,1.23,0.8057,0.3097
16,8500,700,700,568.045,536.733,1412.127,387.78,15.484,38.572,0.17774,0.29148,0.23785,700,0.47135,64,12.08,0.4843,0.25028,15131,97816.829,0.08565,0.18316,0.01651,0.16665,0.16172,73291,103379,1.33105,0.01269,2708,19562.919,68,0.01533,0.0118,0.01783,-0.00603,-0.00647,604,604,181,0,0,0,0.039859,0.279477,0.0,0.41485,0.2195,13424,1707,0.6254,0.2158,1.0432,0.7149,1.5304,1.3594,0.3285,1.2668,0.7833,0.2912
17,9000,700,700,593.257,607.346,1505.641,406.85,16.054,56.677,0.17765,0.29143,0.23313,700,0.48281,60,10.805,0.4957,0.26384,13272,84667.894,0.07614,0.15583,0.0137,0.14213,0.13728,76578,97735,1.29233,0.01077,2206,16336.174,57,0.01266,0.01131,0.01371,-0.0024,-0.00238,558,558,151,0,0,0,0.040156,0.241908,0.0,0.43931,0.23836,11933,1339,0.6268,0.2144,1.0345,0.721,1.5378,1.3666,0.3266,1.2721,0.7789,0.2826
18,9500,700,700,567.491,535.282,1464.301,387.08,15.469,49.092,0.17415,0.28783,0.23647,700,0.47624,57,9.342,0.54,0.30585,14338,92235.245,0.08293,0.16377,0.01651,0.14726,0.14183,77983,94911,1.30191,0.01116,2046,15342.555,44,0.01183,0.00869,0.01441,-0.00572,-0.0057,582,582,146,0,0,0,0.040063,0.263529,0.0,0.45105,0.20917,12771,1567,0.6272,0.2069,1.0236,0.7119,1.5239,1.3867,0.3236,1.2739,0.7656,0.2826
19,10000,700,700,624.202,629.082,1453.861,428.23,17.002,53.397,0.16883,0.2775,0.23597,700,0.50915,50,7.577,0.59,0.36015,15846,102797.216,0.09032,0.17089,0.01646,0.15443,0.14858,83908,91540,1.2702,0.00966,1664,12122.351,38,0.00948,0.00837,0.01051,-0.00214,-0.00262,511,511,125,0,0,0,0.040097,0.293706,0.0,0.47825,0.18457,14339,1507,0.6284,0.1969,0.9965,0.7187,1.512,1.4234,0.3254,1.293,0.7501,0.2778
20,10500,700,700,587.086,539.016,1415.283,401.08,15.807,45.434,0.16541,0.27229,0.2411,700,0.49828,50,6.454,0.6243,0.40021,17579,115965.286,0.09919,0.18113,0.02051,0.16062,0.15317,86818,90409,1.29045,0.01217,1620,13120.999,44,0.00914,0.01147,0.0069,0.00457,0.00383,594,594,161,0,0,0,0.039884,0.331329,0.0,0.48987,0.14948,15725,1854,0.6151,0.1942,1.0131,0.7139,1.5088,1.4365,0.3451,1.2952,0.7305,0.2902
21,11000,700,700,606.299,586.18,1321.24,414.46,16.763,44.005,0.16736,0.26977,0.23742,700,0.4738,50,6.638,0.6143,0.3878,20106,134739.922,0.11196,0.19911,0.01841,0.1807,0.17454,92975,86602,1.22691,0.00965,1776,13362.112,38,0.00989,0.00897,0.01088,-0.00191,-0.00193,555,555,134,0,0,0,0.040138,0.384971,0.0,0.51774,0.21226,18512,1594,0.6165,0.1924,0.9983,0.7013,1.494,1.448,0.3439,1.3051,0.7229,0.2876
22,11500,700,700,583.473,568.078,1327.969,396.49,15.738,35.7,0.16333,0.26547,0.23637,700,0.45217,49,6.056,0.6143,0.39388,19992,135052.778,0.11342,0.20675,0.01784,0.18891,0.18368,89186,87072,1.28486,0.01035,1843,13640.152,35,0.01046,0.01118,0.00972,0.00146,0.00105,575,575,161,0,0,0,0.039864,0.385865,0.0,0.506,0.18497,18439,1553,0.5911,0.1877,1.0098,0.6891,1.4976,1.4421,0.3673,1.2971,0.7144,0.3022
23,12000,700,700,624.616,597.396,1357.763,427.92,17.137,35.802,0.16255,0.25532,0.23355,700,0.51021,51,7.139,0.53,0.31104,18657,123984.821,0.1049,0.20184,0.01515,0.18669,0.18063,85502,92349,1.22888,0.01024,1319,9909.17,30,0.00742,0.00782,0.00704,0.00079,0.00024,520,520,129,0,0,0,0.04002,0.354242,0.0,0.48075,0.24633,17258,1399,0.6045,0.176,0.9815,0.6683,1.4974,1.4499,0.3741,1.3155,0.7025,0.2939
